{"y3nimHv3kWlVsYb5LCmTKA==":"slide1-1600x900.jpg","G3NKSed86wX4GDQTFCMcEA==":"slide3-1-1600x900.jpg","Ab78pXuGJedYRXQfrWpYOw==":"slide2-2-1600x900.jpg","MGNvJCHL1inMThiU+Pqi7w==":"mbr-720x1080.jpg","Tcsw/DxUFP0iw/PfvJdx2Q==":"mbr-1-720x1080.jpg","1JP8rgGzwyfr65ks+uWwxg==":"mbr-1618x1080.jpg","lw2WksjHDCSGNB7NxKLSTg==":"mbr-1600x1067.jpg","boaQtSsUDRirRATlYWKy/g==":"mbr-721x1080.jpg","heAdjOrlB4zNnfSvCnDrbA==":"mbr-1-721x1080.jpg","TwkV9fUwFtFKI8bHagQ0Sw==":"mbr-2-721x1080.jpg","NGTFl4Xzm/79fOCtwCw7Jg==":"mbr-2-1461x1080.jpg","9NlcG++1qyt4qh0f9yhdhw==":"mbr-1080x1080.jpg","ZFO8GmF+fpjfWjBJSNGbJg==":"mbr-1600x920.jpg","nH0dPD5tr43iOVZjLODRaA==":"mbr-2-720x1080.jpg","99B/TVmSG00A7DGnTWfjsA==":"mbr-2-1574x1080.jpg","ny07z5a8+hnTbJ0n8qx5/A==":"semtasoftlogo-241x68.png","orvuwdjk8pahiQe0IzsNVg==":"semtasoftslider3d-1000x382.png","Tkklb52CKpnWQy2/j5aVhw==":"mbr-2-69x48.png","UGo9zMNYLLA37zYAkQ7J5Q==":"tamercelik-450x450.jpg","BHMSj41jFbAE5qnn79hK4w==":"mbr-1620x1080.jpg","Ydr4UdEkwOOSuSjpH0THUA==":"semta.com.tr-1431x856.png","8NIVYdNomqx3+Y44dXw9Ow==":"3emproje-1357x849.png","sqameG+jvxbH9fqVTK+NPQ==":"tuncaysoyak-1491x921.png","vDwL4y0tTfbP/1JvZdl5LA==":"cozummobil-1542x901.png","SQBFp1Pybllz75YXfnu2TA==":"pointandmark-1417x904.png","CSUOFUEVuvSZy/SxeAB8LQ==":"aydinahsap-1576x849.png","lIB62HDzeaX3+5o77455wg==":"ayakmodasi-1059x915.png","mjWT6R3BokGgGt0jQLrY2w==":"mbr-1438x1080.jpg","L6JrMzRf0C5U1bw1XSrYrg==":"sibelozavci-1291x894.png","SqicC2S7G5AjGMXSZD5Psg==":"yakupluspor-1834x919.png","X2jWHz4pmjQOZf5qBFYL7g==":"yakuplu2018-1391x916.png","GmpESPTUliIw9oAdDMk3+w==":"forlifesportcenter-1428x917.png","wVf/OV6a3Dp1H8BFXQ7ntQ==":"nalankoc-1436x929.png","WBbNABV3GC9P/YtzonWJVg==":"seramikkapla-1383x928.png","EpkHQYzhQV5jtMQI7juLQg==":"zekiplastik-1417x937.png","LE/ghA9+HjbEp0LBhWw5hA==":"nadidekorkut-1517x933.png","u6+xcEn50vW4rBFUkD+1Hg==":"iymer-1066x685.png","h6hpJfnwQcf3ebmnrJhO2w==":"face1a%5B1%5D-450x450.jpg","a8qmj/+87XCbTMm4o3QA0w==":"gulnihal%5B1%5D-502x500.png","1AScIVeuTmgoiTbEylfvfg==":"c3kzj8jyb%5B1%5D-800x514.jpg","zQ0v5Ss3jy4KZvG5nZV8JQ==":"image%5B1%5D-1023x858.png","QMcn/2j0lRPDNlKjFUGAGQ==":"c3kzj8jyb%5B1%5D-800x514.jpg","RpZ3Wtb2vRlX4x8+QOPbPw==":"image%5B1%5D-1261x915.png","1Pja5ek2xSOiW+uIY3JizQ==":"c3kzj8jyb%5B2%5D-800x514.jpg","oo2XzWobOmQqaLE0j6T/cg==":"c3kzj8jyb%20(7)-800x514.jpg"}