{"file:///D:/Yedekler/Odrive/Box(s3audi)/00_Gunluk%202018/1-Semtasoft/GitHub/semtasoft%20PortfolioM4":{"assets/web/assets/jquery/jquery.min.js":"V5Dq1607onOXrt+j0mO4Zw==","assets/web/assets/mobirise-icons/mobirise-icons.css":"RVE1Au0iQ4C1HCKJDC+/mQ==","assets/web/assets/mobirise-icons/mobirise-icons.eot":"d1DWj4ts/6jfjnda7g4Q2A==","assets/web/assets/mobirise-icons/mobirise-icons.svg":"Yp5pSlGdnLgPdQLUa/Yv3w==","assets/web/assets/mobirise-icons/mobirise-icons.ttf":"sxxNoGToYfNN/LuoyTYkfg==","assets/web/assets/mobirise-icons/mobirise-icons.woff":"rcbBnBdGlGMmyU5U/bmzjg==","assets/images/hashes.json":"d1j2FI3cF185OEZ+KzzYSg==","assets/images/semtasoftlogo-241x68.png":"ny07z5a8+hnTbJ0n8qx5/A==","assets/images/yakupluspor-1834x919-800x400.png":"ejAMOitcFhIidZyYKIJ5TA==","assets/images/sibelozavci-1291x894-800x553.png":"03N74vJUkarVcmBiqXxdzQ==","assets/images/tuncaysoyak-1491x921-800x494.png":"1inAQr3dtZ8FfyDohV7uag==","assets/images/3emproje-1357x849-800x500.png":"7jt+ZZ5qbmMBACGZtY0b+Q==","assets/images/semta.com.tr-1431x856-800x478.png":"P5uque28kZSTU9GRr9MOpA==","assets/images/cozummobil-1542x901-800x467.png":"JGvpJajQzJy6wXka38uSNg==","assets/images/aydinahsap-1576x849-800x430.png":"0lXcL8kMm0xVBML1OFsxhQ==","assets/images/ayakmodasi-1059x915-800x691.png":"clty79bbZqj+WF1LsbI+tw==","assets/images/pointandmark-1417x904-800x510.png":"2kHEVQgx+KzqNLfX3dV2dQ==","assets/images/yakupluspor-1834x919.png":"SqicC2S7G5AjGMXSZD5Psg==","assets/images/sibelozavci-1291x894.png":"L6JrMzRf0C5U1bw1XSrYrg==","assets/images/tuncaysoyak-1491x921.png":"sqameG+jvxbH9fqVTK+NPQ==","assets/images/3emproje-1357x849.png":"8NIVYdNomqx3+Y44dXw9Ow==","assets/images/cozummobil-1542x901.png":"vDwL4y0tTfbP/1JvZdl5LA==","assets/images/semta.com.tr-1431x856.png":"Ydr4UdEkwOOSuSjpH0THUA==","assets/images/pointandmark-1417x904.png":"SQBFp1Pybllz75YXfnu2TA==","assets/images/ayakmodasi-1059x915.png":"lIB62HDzeaX3+5o77455wg==","assets/images/aydinahsap-1576x849.png":"CSUOFUEVuvSZy/SxeAB8LQ==","assets/images/1.jpg":"x2evttPrZsb3RxpLv4Subw==","assets/images/2.jpg":"3Ni2EH+6x5NGJzBlVjPL+A==","assets/images/mbr-1438x1080.jpg":"mjWT6R3BokGgGt0jQLrY2w==","assets/images/3.jpg":"EDhjIs7kRYEG5RmYU/gi0w==","assets/images/face2.jpg":"ItJWpY2HHsvibm6XyHG6pA==","assets/images/face3.jpg":"Pz3UHWzaDfphl1vVH8zPsA==","assets/images/face4.jpg":"aufq3kJsDq1fEuVjvxMnhw==","assets/images/semtasoftslider3d-1000x382.png":"orvuwdjk8pahiQe0IzsNVg==","assets/images/background7.jpg":"i+YBImuDTQjL9Ri2xyRqxQ==","assets/images/background4.jpg":"bYHNbzL83A3mbaHQwCCrfw==","assets/images/background3.jpg":"z8CMDgK2UzZZYBv+18yj1A==","assets/bootstrap/css/bootstrap-grid.min.css":"gayV6npKzdmwEn2nUWaXUw==","assets/bootstrap/css/bootstrap-reboot.min.css":"KO0rysUYUIZSaFKcc8IOaw==","assets/bootstrap/css/bootstrap.min.css":"P/urNQdI6EHTdotdHKSJMw==","assets/bootstrap/js/bootstrap.min.js":"uqrepEkrBZ8oQYfXWvRgYw==","assets/tether/tether.min.css":"YhVaOUjL8Xsb9LQHyQq4Tw==","assets/popper/popper.min.js":"NiE4ESlZe/NNSKniYj4FyQ==","assets/theme/css/style.css":"8LwdL1HrRA3ZTHQg2c5lXw==-VITbTf54ezV7Z7I/e4lZVw==","assets/soundcloud-plugin/style.css":"wLHkKf+/d2qrUw3ao5npxQ==","assets/smoothscroll/smooth-scroll.js":"+VAxy5J347mUI4YSmrGfyA==","assets/tether/tether.min.js":"PlC291/0Eo8keLHUT4D9+w==","assets/dropdown/css/style.css":"s+S8lVC62P0BWFtgHpaNFA==","assets/dropdown/js/script.min.js":"XKwdlgq/KqgA8/xiKfaAVw==","assets/typed/typed.min.js":"g/GB22WM9v4U4q8mQ4w5QA==","assets/touchswipe/jquery.touch-swipe.min.js":"9g/wVGnRdXmW2F9BctT/TQ==","assets/parallax/jarallax.min.js":"lgPnhpb6UHWR10D5+gD9+g==","assets/imagesloaded/imagesloaded.pkgd.min.js":"UR7y9u51Dtwyu1yNXTJOfg==","assets/masonry/masonry.pkgd.min.js":"xU517fXLr0ErwWukFF9gMg==","assets/gallery/player.min.js":"LD8pej9nbqJv1C5dclQ+TQ==","assets/gallery/script.js":"0gyIOZDheL96xDBZNgpdkA==","assets/gallery/style.css":"mOzT/C/A0tCRBFz31DMTcg==","assets/ytplayer/jquery.mb.ytplayer.min.js":"i8CJPBUR+nNfbyF+eCoBkw==","assets/mbr-flip-card/mbr-flip-card.js":"p26DQgQdspeU2A8Mo22jdQ==","assets/slidervideo/script.js":"Btr8vmvWX7PkT1hqEYAdFQ==","assets/formoid/formoid.min.js":"LS3ZNNEFXEEIXvN30NLGPw==","assets/viewportchecker/jquery.viewportchecker.js":"tPohzxkhSfLWJO1IZnbd/g==","assets/socicon/css/styles.css":"CJiiT9PQDkx8b/7uvhdvqA==","assets/vimeoplayer/jquery.mb.vimeo_player.js":"h/KYdzVTc1SdXKBMxj/4DQ==","assets/bootstrapcarouselswipe/bootstrap-carousel-swipe.js":"1NIoKK0GehKy3z7Pjjpsjw==","assets/socicon/fonts/socicon.eot":"XHkUXqWN9KkbI2JOr7etKQ==","assets/socicon/fonts/socicon.woff":"n3NmYDMK3z2OXXC2s0nxxw==","assets/socicon/fonts/socicon.ttf":"1n97zWg+ogcaXBgcQsNnBA==","assets/socicon/fonts/socicon.svg":"o1tldE9Vf6tUJOmbttTpgA==","assets/images/yakuplu2018-1391x916-800x526.png":"WyyjysyDCAP2BhqFpV4oSw==","assets/images/yakuplu2018-1391x916.png":"X2jWHz4pmjQOZf5qBFYL7g==","assets/images/forlifesportcenter-1428x917-800x514.png":"tQGCEKmi6QXsOGEiLCLvDw==","assets/images/nalankoc-1436x929-800x518.png":"hCj6+JdCm7ainEfrER/Wlg==","assets/images/forlifesportcenter-1428x917.png":"GmpESPTUliIw9oAdDMk3+w==","assets/images/nalankoc-1436x929.png":"wVf/OV6a3Dp1H8BFXQ7ntQ==","assets/images/seramikkapla-1383x928-800x537.png":"r2PhHWKnQ+WcfGMImPL9+g==","assets/images/seramikkapla-1383x928.png":"WBbNABV3GC9P/YtzonWJVg==","assets/images/zekiplastik-1417x937-800x529.png":"qHCTGplT80+pzd6hTg8V6A==","assets/images/zekiplastik-1417x937.png":"EpkHQYzhQV5jtMQI7juLQg==","assets/images/nadidekorkut-1517x933-800x492.png":"ip+InkTdd6hKijxhcjBN4Q==","assets/images/nadidekorkut-1517x933.png":"LE/ghA9+HjbEp0LBhWw5hA=="},"file:///C:/Users/MASTER/odrive/Box(s3audi)/00_Gunluk%202018/1-Semtasoft/GitHub/REGNUM/semtasoft":{"assets/web/assets/jquery/jquery.min.js":"V5Dq1607onOXrt+j0mO4Zw==","assets/web/assets/mobirise-icons/mobirise-icons.css":"t/IrTIzfJvbDUoCV05F+7Q==","assets/web/assets/mobirise-icons/mobirise-icons.eot":"d1DWj4ts/6jfjnda7g4Q2A==","assets/web/assets/mobirise-icons/mobirise-icons.svg":"Yp5pSlGdnLgPdQLUa/Yv3w==","assets/web/assets/mobirise-icons/mobirise-icons.ttf":"sxxNoGToYfNN/LuoyTYkfg==","assets/web/assets/mobirise-icons/mobirise-icons.woff":"rcbBnBdGlGMmyU5U/bmzjg==","assets/images/hashes.json":"Bl2+yO0O+5WXNDVkF/ABlg==","assets/images/semtasoftlogo-241x68.png":"ny07z5a8+hnTbJ0n8qx5/A==","assets/images/seramikkapla-1383x928-800x537.png":"r2PhHWKnQ+WcfGMImPL9+g==","assets/images/nalankoc-1436x929-800x518.png":"hCj6+JdCm7ainEfrER/Wlg==","assets/images/iymer-1066x685-800x514.png":"XLpKHraTyO772OJ7llHi7A==","assets/images/yakuplu2018-1391x916-800x526.png":"WyyjysyDCAP2BhqFpV4oSw==","assets/images/forlifesportcenter-1428x917-800x514.png":"tQGCEKmi6QXsOGEiLCLvDw==","assets/images/nadidekorkut-1517x933-800x492.png":"ip+InkTdd6hKijxhcjBN4Q==","assets/images/sibelozavci-1291x894-800x553.png":"wJ2p4wDb215gm6bS+v4rMQ==","assets/images/tuncaysoyak-1491x921-800x494.png":"1inAQr3dtZ8FfyDohV7uag==","assets/images/3emproje-1357x849-800x500.png":"7jt+ZZ5qbmMBACGZtY0b+Q==","assets/images/semta.com.tr-1431x856-800x478.png":"P5uque28kZSTU9GRr9MOpA==","assets/images/cozummobil-1542x901-800x467.png":"JGvpJajQzJy6wXka38uSNg==","assets/images/aydinahsap-1576x849-800x430.png":"0lXcL8kMm0xVBML1OFsxhQ==","assets/images/pointandmark-1417x904-800x510.png":"2kHEVQgx+KzqNLfX3dV2dQ==","assets/images/iymer-1066x685.png":"u6+xcEn50vW4rBFUkD+1Hg==","assets/images/ayakmodasi-1059x915-800x691.png":"clty79bbZqj+WF1LsbI+tw==","assets/images/zekiplastik-1417x937-800x529.png":"qHCTGplT80+pzd6hTg8V6A==","assets/images/nalankoc-1436x929.png":"wVf/OV6a3Dp1H8BFXQ7ntQ==","assets/images/seramikkapla-1383x928.png":"WBbNABV3GC9P/YtzonWJVg==","assets/images/forlifesportcenter-1428x917.png":"GmpESPTUliIw9oAdDMk3+w==","assets/images/yakuplu2018-1391x916.png":"X2jWHz4pmjQOZf5qBFYL7g==","assets/images/nadidekorkut-1517x933.png":"LE/ghA9+HjbEp0LBhWw5hA==","assets/images/sibelozavci-1291x894.png":"L6JrMzRf0C5U1bw1XSrYrg==","assets/images/tuncaysoyak-1491x921.png":"sqameG+jvxbH9fqVTK+NPQ==","assets/images/3emproje-1357x849.png":"8NIVYdNomqx3+Y44dXw9Ow==","assets/images/semta.com.tr-1431x856.png":"Ydr4UdEkwOOSuSjpH0THUA==","assets/images/cozummobil-1542x901.png":"vDwL4y0tTfbP/1JvZdl5LA==","assets/images/ayakmodasi-1059x915.png":"lIB62HDzeaX3+5o77455wg==","assets/images/aydinahsap-1576x849.png":"CSUOFUEVuvSZy/SxeAB8LQ==","assets/images/pointandmark-1417x904.png":"SQBFp1Pybllz75YXfnu2TA==","assets/images/zekiplastik-1417x937.png":"EpkHQYzhQV5jtMQI7juLQg==","assets/images/1.jpg":"x2evttPrZsb3RxpLv4Subw==","assets/images/3.jpg":"EDhjIs7kRYEG5RmYU/gi0w==","assets/images/face1a.jpg":"7YcM4bi3QehWSLhYA+8LWw==","assets/images/2.jpg":"3Ni2EH+6x5NGJzBlVjPL+A==","assets/images/face2.jpg":"laczJGuTjKoX3p3uo5tjpg==","assets/images/mbr-1438x1080.jpg":"mjWT6R3BokGgGt0jQLrY2w==","assets/images/face3.jpg":"oJkfhj9dKNC0XeyEPrZPmw==","assets/images/gulnihal.png":"v+NiQ6myKaskw7/sTOcQHA==","assets/images/semtasoftslider3d-1000x382.png":"orvuwdjk8pahiQe0IzsNVg==","assets/images/background7.jpg":"gN/5rEU/pGLW18XtXqcRYQ==","assets/images/background3.jpg":"l3wte90z+URQ2mY++s6I2g==","assets/images/background4.jpg":"hPZFgX5Vg1U+gwYWdGPcEg==","assets/bootstrap/css/bootstrap.min.css":"9BHBNuK7MCraISCz6x1bww==","assets/bootstrap/css/bootstrap-grid.min.css":"kbYprkHMvvMG/ZJ2LsgHWQ==","assets/bootstrap/css/bootstrap-reboot.min.css":"//WhxWELTokJ3iPyIA2Taw==","assets/popper/popper.min.js":"NiE4ESlZe/NNSKniYj4FyQ==","assets/bootstrap/js/bootstrap.min.js":"aJXozWC2JkbOEkJgFYiPWA==","assets/tether/tether.min.css":"YhVaOUjL8Xsb9LQHyQq4Tw==","assets/tether/tether.min.js":"PlC291/0Eo8keLHUT4D9+w==","assets/theme/css/style.css":"5zt/3MXTRia/hWQbvx4Odg==","assets/theme/js/script.js":"of66u5qXEY/0JMBUFUdlIw==","assets/smoothscroll/smooth-scroll.js":"1fU5SR6w/dKRUCNIywK1Sw==","assets/soundcloud-plugin/style.css":"wLHkKf+/d2qrUw3ao5npxQ==","assets/dropdown/css/style.css":"s+S8lVC62P0BWFtgHpaNFA==","assets/dropdown/js/script.min.js":"XKwdlgq/KqgA8/xiKfaAVw==","assets/touchswipe/jquery.touch-swipe.min.js":"9g/wVGnRdXmW2F9BctT/TQ==","assets/typed/typed.min.js":"g/GB22WM9v4U4q8mQ4w5QA==","assets/parallax/jarallax.min.js":"bFQ4obzjiC9HL+BZ3/QknA==","assets/masonry/masonry.pkgd.min.js":"xU517fXLr0ErwWukFF9gMg==","assets/imagesloaded/imagesloaded.pkgd.min.js":"UR7y9u51Dtwyu1yNXTJOfg==","assets/gallery/player.min.js":"LD8pej9nbqJv1C5dclQ+TQ==","assets/bootstrapcarouselswipe/bootstrap-carousel-swipe.js":"1NIoKK0GehKy3z7Pjjpsjw==","assets/gallery/script.js":"UpkFFMbQknMkOjF+QRElPg==","assets/gallery/style.css":"bVAdY85TkpWp5+JO/cIM4g==","assets/ytplayer/jquery.mb.ytplayer.min.js":"UCqVnLtCcLPvcFiBkD5qfg==","assets/vimeoplayer/jquery.mb.vimeo_player.js":"OgiVaXGFTBj0xLko6tbJ6A==","assets/slidervideo/script.js":"Btr8vmvWX7PkT1hqEYAdFQ==","assets/viewportchecker/jquery.viewportchecker.js":"BtceVK1754iA5BP1vmYP/Q==","assets/mbr-flip-card/mbr-flip-card.js":"p26DQgQdspeU2A8Mo22jdQ==","assets/socicon/fonts/socicon.eot":"XHkUXqWN9KkbI2JOr7etKQ==","assets/socicon/css/styles.css":"CJiiT9PQDkx8b/7uvhdvqA==","assets/socicon/fonts/socicon.svg":"o1tldE9Vf6tUJOmbttTpgA==","assets/socicon/fonts/socicon.ttf":"1n97zWg+ogcaXBgcQsNnBA==","assets/socicon/fonts/socicon.woff":"n3NmYDMK3z2OXXC2s0nxxw==","assets/formoid/formoid.min.js":"8Lup0/5foYD66MPtjj0Y1g==","assets/images/image1-1261x915-800x580.png":"vS3V9S/EyN4PxqQ7clEF5A==","assets/images/gallery01.jpg":"rcTpiWmXPP93ncBxXRtTBA==","assets/images/gallery02.jpg":"C+29XHN4Zdr69JOg1/xO7Q==","assets/images/gallery03.jpg":"j/fMrza7z+Ct/r87mMclIg==","assets/images/gallery04.jpg":"HGR8aZ0n0mWrFpjpnlkO4g==","assets/images/gallery06.jpg":"wD30+k6SVFMm436BwGrCdw==","assets/images/gallery07.jpg":"75nzj9aDMiFa5XK0DFXLrA==","assets/images/c3kzj8jyb1-800x514-800x514.jpg":"pSxBtjNOriXjV0jE1ubBRg==","assets/images/image1-1261x915.png":"RpZ3Wtb2vRlX4x8+QOPbPw==","assets/images/image1-1023x858-800x671.png":"7d5fFEcu4Tk4+dRx4lBnMw==","assets/images/gallery05.jpg":"n5iuN0rGz3gZZT2SdPYtKA==","assets/images/c3kzj8jyb-7-800x514-800x514.jpg":"HlA3c8HZTIgWf2NgUWM7Ug==","assets/images/c3kzj8jyb1-800x514.jpg":"QMcn/2j0lRPDNlKjFUGAGQ==","assets/images/c3kzj8jyb2-800x514-800x514.jpg":"hVnQIGOAoeVC6fiZbxIpsQ==","assets/images/image1-1023x858.png":"zQ0v5Ss3jy4KZvG5nZV8JQ==","assets/images/c3kzj8jyb2-800x514.jpg":"1Pja5ek2xSOiW+uIY3JizQ==","assets/images/c3kzj8jyb-7-800x514.jpg":"oo2XzWobOmQqaLE0j6T/cg==","assets/images/face1a1-450x450.jpg":"h6hpJfnwQcf3ebmnrJhO2w==","assets/images/gulnihal1-502x500.png":"a8qmj/+87XCbTMm4o3QA0w==","assets/dropdown/js/navbar-dropdown.js":"ZePnAsEAv4Y5wJTD95L44g==","assets/dropdown/js/nav-dropdown.js":"dC/upwyur9A4kPhFrRHwaQ==","sw.js":"rUs5npuKZhM1B/LP9YXM7A==","sw-connect.js":"LHdIp/pD3p2hapLzhfKvAA==","assets/icons/512x512.png":"EF+a8kDnIOxrsLP/9R4qng==","assets/formoid-css/recaptcha.css":"rAr6hicA8NHvvo8fHdDrDQ==","apple-touch-icon.png":"EF+a8kDnIOxrsLP/9R4qng=="}}